{"type": "Topology", "arcs": [[[0, 3072], [90, 335], [0, 2], [148, 171], [1, 3], [-42, 221], [0, 9], [79, 173], [0, 1], [-25, 142], [0, 1], [-130, 175], [-1, 0], [-28, 97], [-1, 3], [55, 176], [0, 1], [-8, 108], [0, 2], [62, 108], [0, 1], [-92, 131], [0, 0], [80, 168], [1, 2], [2, 105], [-1, 4], [-30, 45], [-1, 8], [18, 44], [4, 10], [3595, 7], [0, 0], [-137, -46], [-1, -1], [40, -67], [0, -1], [-13, -56], [0, -1], [54, -82], [0, -1], [-104, -97], [-1, -1], [-2, -57], [-1, -1], [-48, -50], [-1, -1], [8, -56], [0, -1], [-114, -91], [0, -2], [73, -126], [0, -1], [-5, -42], [0, 0], [29, -11], [0, -1], [-12, -30], [1, -1], [77, -69], [0, -1], [-29, -65], [0, -1], [52, -31], [0, 0], [-47, -56], [0, 0], [-71, -9], [-1, -2], [48, -49], [1, -1], [-43, -37], [0, -1], [33, -45], [0, 0], [-93, -64], [-1, -1], [-12, 23], [-1, -1], [-53, -100], [-1, -2], [-79, -61], [-1, 0], [-174, -33], [-2, -1], [-38, -40], [0, 0], [0, -64], [-2, -1], [-416, -78], [0, 0], [0, -42], [0, -1], [-68, -72], [0, -1], [40, -73], [0, -1], [-36, -113], [0, -1], [63, -135], [0, -1], [-42, -49], [0, 0], [13, -32], [1, -1], [32, 10], [0, -1], [-26, -29], [-1, -1], [26, -20], [0, -1], [-40, -4], [0, -1], [-57, -126], [0, -1], [-25, 0], [0, 0], [10, -27], [0, 0], [-23, 11], [-1, 0], [-26, -47], [-1, 0], [5, -60], [0, -2], [45, -5], [0, 0], [-179, -236], [0, -1], [1, -134], [0, 0], [-41, -83], [0, 0], [-180, -150], [0, 0], [-7, -87], [0, -1], [-60, -116], [-1, -2], [13, -38], [0, -1], [-99, -64], [-1, -1], [-35, -140], [0, -1], [33, -75], [0, -1], [-66, -239], [0, -1], [49, -47], [1, -1], [-40, -58], [0, -1], [29, -42], [0, -1], [-82, -139], [-1, -1], [-35, -243], [-1, -2], [48, -66], [0, 0], [-5, -87], [0, 0], [-62, -67], [-1, 0], [48, -104], [0, -1], [-58, -82], [-1, -1], [-111, -40], [0, 0], [14, -92], [0, -1], [-59, -93], [0, -1], [26, -155], [0, -2], [63, -63], [0, -2], [-13, -31], [0, -1], [47, 17], [1, 0], [62, -107], [0, 0], [-1545, 44], [-21, 0], [-25, 118], [-3, 13], [23, 73], [1, 10], [70, 1623], [0, 1], [-31, 68], [-1, 1], [-74, 34], [0, 0], [-17, 114], [-1, 0], [-124, -8], [-1, -1], [-45, -130], [-1, -1], [-65, 40], [-2, 4], [25, 80], [0, 1], [-17, 47], [1, 1], [143, 297], [1, 3], [-79, 114], [-1, 3], [39, 55], [0, 0], [-3, 72], [0, 0], [-66, 130], [0, 0], [2, 207], [0, 1], [-58, 58]]], "transform": {"scale": [0.000522420286016951, 0.0004294281690140841], "translate": [-73.437706, 42.726933]}, "objects": {"combined": {"geometries": [{"arcs": [[0]], "type": "Polygon", "properties": {"state_name": "Vermont", "state_name_slug": "vermont", "state_code": "VT", "state_code_slug": "vt", "district": null, "at_large": true, "vacant": false, "bioguide": "W000800", "thomas": "1879", "opensecrets": "N00000515", "votesmart": "51272", "fec": "H6VT00160", "maplight": "722", "wikidata": "Q1112656", "google_entity_id": "kg:/m/0db4gl", "title": "representative", "party": "democrat", "name": "Peter Welch", "name_slug": "peter-welch", "first_name": "Peter", "middle_name": null, "last_name": "Welch", "name_suffix": null, "goes_by": null, "pronunciation": "PEE-ter WELCH", "gender": "male", "ethnicity": "white-american", "religion": "roman-catholic", "openly_lgbtq": "no", "date_of_birth": "1947-05-02", "entered_office": "2007-01-04", "term_end": "2021-01-03", "biography": "Peter Welch, a Representative from Vermont; born in Springfield, Hampden County, Mass., May 2, 1947; graduated from Cathedral High School, Springfield, Mass.; A.B., College of the Holy Cross, Worcester, Mass.; 1969; J.D., University of California, Berkeley, Calif., 1973; lawyer, private practice; member of the Vermont state senate, 1981-1989, 2002-2007, minority leader, 1983-1985, president pro tempore, 1985-1989, 2003-2007; unsuccessful candidate for nomination to the One Hundred First Congress in 1988; elected as a Democrat to the One Hundred Tenth and to the five succeeding Congresses (January 3, 2007-present).", "phone": "202-225-4115", "fax": null, "latitude": "38.8863235", "longitude": "-77.011373", "address_complete": "2436 Rayburn HOB, Washington, DC 20515", "address_number": "2436", "address_prefix": null, "address_street": "Rayburn HOB", "address_sec_unit_type": null, "address_sec_unit_num": null, "address_city": "Washington", "address_state": "DC", "address_zipcode": "20515", "address_type": null, "website": "https://welch.house.gov", "contact_page": "https://welch.house.gov/contact/email", "facebook_url": "https://www.facebook.com/PeterWelch/", "twitter_handle": "PeterWelch", "twitter_url": "https://twitter.com/PeterWelch", "photo_url": "https://cdn.civil.services/us-house/headshots/512x512/peter-welch.jpg"}}], "type": "GeometryCollection"}}}